source,name,dob,desc,wikidata,email,vk,ig,fb,tw,yt,ok,sanctioned
putin2018,Абисов Юрий Николаевич,,Помощник Главы Республики Крым по связям с правоохранительными органами. Бывший командир крымского отряда особого назначения «Беркут».,,,,,,,,,
putin2018,Авербух Илья Изяславич,,Российский фигурист. Заслуженный мастер спорта России. Автор театрализованных шоу на льду.,,,,,,,,,
putin2018,Аветисов Алексей Сергеевич,,"ФГБОУ ""Московский технологический университет"". Всероссийский центр координации, подготовки и переподготовки студенческих добровольных спасательных формирований, начальник центра.",,,,,,,,,
putin2018,Агафонова Любовь Викторовна,,"Государственное учреждение здравоохранения ""Липецкая областная клиническая больница"", главный врач.",,,,,,,,,
putin2018,Айдуллин Иван Ухливанович,,Мастер по капитальному ремонту скважин ОАО «Сургутнефтегаз». Герой Труда Российской Федерации.,,,,,,,,,
putin2018,Акинфеев Игорь Владимирович,,Спортсмен,,,,,,,,,
putin2018,Алекно Владимир Романович,,"Волейболист, заслуженный тренер России.",,,,,,,,,
putin2018,Александров Анатолий Александрович,,Ректор МГТУ им Н.Э.Баумана,,,,,,,,,
putin2018,Александров Владимир Леонидович,,"ФГБОУ ВО “Санкт-Петербургский государственный морской технический университет”, профессор кафедры технологии судостроения факультета кораблестроения и океанотехники, директор института морской техники и технологии.",,,,,,,,,
putin2018,Алешина Елена Николаевна,,"ГАУЗ КО ""Калужский областной специализированный центр инфекционных заболеваний и СПИД"", главный врач.",,,,,,,,,
putin2018,Алипов Алексей Александрович,,"Чемпион мира, олимпийский чемпион по стендовой стрельбе.",,,,,,,,,
putin2018,Алушкин Борис Кондулеевич,,"Пенсионер, в прошлом руководитель “Союза журналистов Республики Алтай”.",,,,,,,,,
putin2018,Амельченкова Ольга Николаевна,,"Председатель Центрального штаба ВОД ""ВОЛОНТЕРЫ ПОБЕДЫ"".",,,,,,,,,
putin2018,Ампилогова Валентина Борисовна,,"Областное государственное автономное учреждение культуры ""Магаданская областная универсальная научная библиотека имени А.С. Пушкина"", директор",,,,,,,,,
putin2018,Андреев Александр Вадимович,,Генеральный директор ОАО «Международный аэропорт «Уфа».,,,,,,,,,
putin2018,Анисимов Алексей Викторович,,"Руководитель исполкома Общероссийского общественного движения ""Народный фронт ""За Россию"".",,,,,,,,,
putin2018,Анопко Валентина Петровна,,Ассистент кафедры перинатологии с курсом сестринского дела государственного образовательного учреждения Астраханская государственная медицинская академия. Президент Астраханской региональной общественной организации «Профессиональная сестринская ассоциация».,,,,,,,,,
putin2018,Антипов Павел Юрьевич,,"ГОБУЗ ""Новгородская областная клиническая больница"", заведующий отделением травматологии.",,,,,,,,,
putin2018,Ануфриенкова Валентина Ивановна,,"Смоленская областная организация Профессионального союза работников здравоохранения Российской Федерации, председатель.",,,,,,,,,
putin2018,Аполихин Олег Иванович,,"Директор НИИ урологии и интервенционной радиологии им. Н.А.Лопаткина, филиал «НМИРЦ» Минздрава России.",,,,,,,,,
putin2018,Афанасов Геннадий Алексеевич,,"Региональный союз ""Тамбовское областное объединение организаций профсоюзов"", председатель.",,,,,,,,,
putin2018,Ахпашева Анна Вячеславовна,,"Специальный корреспондент, ведущая программы «Новости РТС и «Утро Хакасии» Автономного учреждения Республики Хакасия «ТВ  Центр «Хакасия», ТВ РТС.",,,,,,,,,
putin2018,Ашманов Игорь Станиславович,,Российский предприниматель в сфере информационных технологий.,,,,,,,,,
putin2018,Бабин Валерий Геннадьевич,,"ФГБОУ ВО ""Горно-алтайский государственный университет"", ректор.",,,,,,,,,
putin2018,Бабич Рушанна Юрьевна,,"Актриса Башкирского государственного молодежного театра, заслуженная артистка РФ.",,,,,,,,,
putin2018,Багринцев Вадим Валерьевич,,"Телерадиокомпания ""Орел"", редактор группы подготовки программ и выпуска службы информационных программ телевидения.",,,,,,,,,
putin2018,Базарова Алина Владимировна,,"Студентка ""Воронежского Государственного Университета"", председатель Молодёжного совета при Воронежской городской Думе.",,,,,,,,,
putin2018,Байметов Владимир Александрович,,"АОУ ДПО УР ""Институт развития образования"", ректор.",,,,,,,,,
putin2018,Бакулина Марина Олеговна,,"Индивидуальный предприниматель, руководитель Детского развивающего центра «Ступеньки». Президент Тюменской региональной Ассоциации детских развивающих центров, член Совета Губернатора Тюменской области по развитию и поддержке малого и среднего предпринимательства.",,,,,,,,,
putin2018,Балуев Александр Николаевич,,Актер театра и кино.,,,,,,,,,
putin2018,Бальжиров Баир Гвибалович,,"Пенсионер, основатель РОО “Ассоциация фермеров Республики Бурятия”.",,,,,,,,,
putin2018,Баранец Виктор Николаевич,,"Военный обозреватель газеты «Комсомольская правда», полковник в отставке.",,,,,,,,,
putin2018,Баранов Александр Иванович,,"Самарская областная общественная организация ""Союз генералов Самары"", председатель совета.",,,,,,,,,
putin2018,Баранова Вера Павловна,,"Краевое государственное автономное учреждение культуры “Красноярский государственный театр оперы и балета”, артистка-вокалистка.",,,,,,,,,
putin2018,Барбакова Людмила Михайловна,,"Международная ассоциация общественных организаций блокадников города-героя Ленинграда, первый вице-президент ассоциации.",,,,,,,,,
putin2018,Барбараш Леонид Семенович,,"Главный научный сотрудник ФГБНУ «Научно-исследовательский институт комплексных проблем сердечно-сосудистых заболеваний». Инициатор создания и президент Кузбасского благотворительного фонда «Детское сердце», заслуженный врач РФ.",,,,,,,,,
putin2018,Барсукова Елена Владимировна,,Главный врач бюджетного учреждения Чувашской Республики «Республиканская клиническая больница».,,,,,,,,,
putin2018,Батомункуева Ага Дунгилаевна,,"Учитель истории МБОУ «Агинская окружная гимназия-интернат», кандидат социологических наук, заслуженный учитель РФ.",,,,,,,,,
putin2018,Бахметьев Сергей Николаевич,,"Воронежская областная организация Общероссийской общественной организации ""Всероссийское общество инвалидов"", председатель.",,,,,,,,,
putin2018,Бахтизин Рамиль Назифович,,"ФГБОУ ВО ""Уфимский государственный нефтяной технический университет"", ректор.",,,,,,,,,
putin2018,Башмет Юрий Абрамович,,Художественный руководитель и главный дирижер Государственного симфонического оркестра «Новая Россия»,,,,,,,,,
putin2018,Безруков Сергей Витальевич,,"Художественный руководитель Московского губернского драматического театра, театральный режиссер, актер. Народный артист Российской Федерации.",,,,,,,,,
putin2018,Белоглазов Анатолий Алексеевич,,Старший тренер по вольной борьбе региональной общественной организации «Клуб спортивной борьбы ЦСКА». Старший тренер молодежной сборной команды России.,,,,,,,,,
putin2018,Белоцерковцева Лариса Дмитриевна,,"Бюджетное учреждение Ханты-Мансийского автономного округа — Югры ""Сургутский клинический перинатальный центр"", главный врач.",,,,,,,,,
putin2018,Беляев Николай Александрович,,"ГКОУ г. Москвы, КШИ №1 ""Первый Московский кадетский корпус"", руководитель структурного подразделения по дополнительному образованию.",,,,,,,,,
putin2018,Белякова Римма Ивановна,,"Саратовская государственная консерватория имени Л.В. Собинова, Заведующая кафедрой мастерства актера, профессор.",,,,,,,,,
putin2018,Беппаев Муталип Азнорович,,"Союз писателей Кабардино-Балкарской Республики, председатель правления.",,,,,,,,,
putin2018,Бессонов Виталий Анатольевич,,"ГБУК КО ""Калужский объединенный музей-заповедник"", генеральный директор.",,,,,,,,,
putin2018,Битаев Роберт Александрович,,"Актер, режиссер, национальный театральный деятель. Народный артист Республики Северная Осетия-Алания. Заслуженный артист РФ.",,,,,,,,,
putin2018,Бобыльченко Виталий Александрович,,"ГБОУ Ростовской области ""Шахтинский генерала Я.П. Бакланова казачий кадетский корпус"", директор.",,,,,,,,,
putin2018,Богатырева Марем Камбулатовна,,"Пенсионер, Герой Труда Российской Федерации.",,,,,,,,,
putin2018,Богородецкая Ольга Николаевна,,"Ульяновский региональный благотворительный фонд ""Дари добро"", директор.",,,,,,,,,
putin2018,Бокерия Леонид Антонович,,Директор Центра им А.Н.Бакулева,,,,,,,,,
putin2018,Боков Шамсудин Бесланович,,"ГАУ ""Редакция газеты ""Ингушетия"", главный редактор.",,,,,,,,,
putin2018,Большакова Мария Артемовна,,"Общероссийская общественная организация ""Союз семей военнослужащих России"", председатель совета.",,,,,,,,,
putin2018,Бондарчук Федор Сергеевич,,"Кинорежиссер, продюсер.",,,,,,,,,
putin2018,Борисов Александр Александрович,,"ЦИК партии ""Единая Россия"", руководитель",,,,,,,,,
putin2018,Боровская Марина Александровна,,"ФГБОУ ВО ""Южный федеральный университет"", ректор.",,,,,,,,,
putin2018,Бочаров Вячеслав Алексеевич,,"Общественная палата Российской Федерации, первый заместитель секретаря.",,,,,,,,,
putin2018,Бояков Эдуард Владиславович,,"Продюсер, театральный режиссер.",,,,,,,,,
putin2018,Боярский Михаил Сергеевич,,"Актер театра и кино, певец, телеведущий. Народный артист РСФСР.",,,,,,,,,
putin2018,Брусникова Нина Владимировна,,"Пенсионер, Герой Российской Федерации.",,,,,,,,,
putin2018,Будова Александра Павловна,,"ГОБУЗ ""Мурманская областная клиническая больница им. П.А. Баяндина"", главный врач.",,,,,,,,,
putin2018,Будяк Александра Владимировна,,"МАОУ гимназия № 24 города Ставрополя имени генерала-лейтенанта юстиции М.Г. Ядрова, директор.",,,,,,,,,
putin2018,Бутман Игорь Михайлович,,Музыкант,,,,,,,,,
putin2018,Бялик Андрей Яковлевич,,"МКОУ ""Средняя общеобразовательная школа имени И.А. Пришкольника села Валдгейм"", директор.",,,,,,,,,
putin2018,Вавилова Наталья Ивановна,,"БУ ""Музей изобразительных искусств Республики Карелия"", директор.",,,,,,,,,
putin2018,Ваганов Николай Николаевич,,Председатель правления Ассоциации детских больниц.,,,,,,,,,
putin2018,Вагидов Завурбек Юнусович,,Заместитель начальника Управления охраны объектов животного мира и особо охраняемых территорий Министерства природных ресурсов Республики Дагестан.,,,,,,,,,
putin2018,Варламов Кирилл Викторович,,"Фонд развития интернет-инициатив, директор.",,,,,,,,,
putin2018,Васильев Владимир Николаевич,,"Университет ИТМО, г. Санкт-Петербург, ректор.",,,,,,,,,
putin2018,Васильев Дмитрий Владимирович,,"АУК ""Омская филармония"", художественный руководитель, главный дирижер.",,,,,,,,,
putin2018,Васильева Людмила Сергеевна,,"Член Паралимпийской сборной России, Мисс Независимость – 2012, Чемпионка Европы и мира по фехтованию. Эксперт ОНФ.",,,,,,,,,
putin2018,Вейсалова Нина Глебовна,,"Первый вице-президент Ассоциации коренных малочисленных народов Севера, Сибири Дальнего Востока Российской Федерации, президент Иркутской региональной общественной организации «Союз содействия коренным малочисленным народам Севера Иркутской области».",,,,,,,,,
putin2018,Вележева (Вележова) Лидия Леонидовна,,Актриса Государственного академического театра имени Е.Вахтангова. Заслуженная артистка Российской Федерации.,,,,,,,,,
putin2018,Великанова Ирина Яковлевна,,"ФГБУК ""Государственный центральный музей современной истории России"", генеральный директор.",,,,,,,,,
putin2018,Винер-Усманова Ирина Александровна,,Президент Общероссийской общественной организации «Всероссийская федерация художественной гимнастики». Герой Труда Российской Федерации.,,,,,,,,,
putin2018,Винокур Владимир Натанович,,"Советский и российский юморист, певец и телеведущий",,,,,,,,,
putin2018,Власов Роман Андреевич,,"Спортсмен-инструктор ГАУ Новосибирской области «Региональный центр спортивной подготовки сборных команд и спортивного резерва». Двукратный Олимпийский чемпион по греко-римской борьбе, заслуженный мастер спорта России.",,,,,,,,,
putin2018,Вовченко Виталий Владимирович,,"Пенсионер, Почётный гражданин Смоленска, бывший председатель Смоленского областного совета ветеранов.",,,,,,,,,
putin2018,Волкогон Владимир Алексеевич,,Ректор ФГБОУ ВПО «Калининградский государственный технический университет»,,,,,,,,,
putin2018,Волобуев Василий Тихонович,,"ФКУ ""Военный комиссариат города Санкт- Петербурга"", инспектор группы инспекторов.",,,,,,,,,
putin2018,Володин Алексей Михайлович,,"ОАО ""Тяжпрессмаш"", генеральный директор.",,,,,,,,,
putin2018,Володин Валерий Иванович,,"""Частное учреждение содействия Музейному историко-мемориальному комплексу ""35-я береговая батарея"", председатель правления.",,,,,,,,,
putin2018,Волчек Галина Борисовна,,"Актриса театра и кино, театральный режиссер, педагог. Герой Труда Российской Федерации. Народная артистка СССР.",,,,,,,,,
putin2018,Воронин Анатолий Викторович,,"ФГБОУ ВО ""Петрозаводский государственный университет"", ректор.",,,,,,,,,
putin2018,Воронин Сергей Николаевич,,"ФГБОУ ВО ""Уральский государственный экономический университет"" (УрГЭУ), советник при ректорате.",,,,,,,,,
putin2018,Востротин Валерий Александрович,,Глава попечительского совета парка «Патриот».,,,,,,,,,
putin2018,Габеев Артур Демсунович,,"ООО «Яндекс», водитель такси сервиса «Яндекс. Такси». Многодетный отец, награжден орденом «Родительская слава» в 2017 году.",,,,,,,,,
putin2018,Гагарина Полина Сергеевна,,"Певица, композитор, актриса, модель.",,,,,,,,,
putin2018,Газманов Олег Михайлович,,"Эстрадный певец, композитор, поэт, актер, продюсер. Народный артист Российской Федерации.",,,,,,,,,
putin2018,Галоев Мурат Георгиевич,,"ПАО ""Магаданский механический завод"", генеральный директор.",,,,,,,,,
putin2018,Галустян Михаил Сергеевич,,"Шоумен, юморист, комедийный актер, сценарист и продюсер. Бывший участник КВН и приглашённый резидент шоу «Comedy Club».",,,,,,,,,
putin2018,Гальцева Виктория Евгеньевна,,"Краевое автономное учреждение ""Алтайский государственный театр музыкальной комедии"", артистка-вокалистка.",,,,,,,,,
putin2018,Гаман-Голутвина Оксана Викторовна,,Президент общероссийской общественной организации «Российская ассоциация политической науки». Член Общественной палаты Российской Федерации.,,,,,,,,,
putin2018,Гергиев Валерий Абисалович,,Художественный руководитель-директор ФГБУ культуры «Государственный академический Мариинский театр». Герой Труда Российской Федерации,,,,,,,,,
putin2018,Гилева Анастасия Григорьевна,,"Пермская краевая Общественная организация защиты прав детей-инвалидов и их семей ""Счастье жить"", президент.",,,,,,,,,
putin2018,Глыбочко Петр Витальевич,,Ректор ГБОУ ВПО «Первый Московский государственный медицинский университет имени И.М.Сеченова» Минздрава России. Академик РАН.,,,,,,,,,
putin2018,Головин Дмитрий Алексеевич,,"РАНХиГС, инструктор-методист Кафедры физического воспитания и здоровья, руководитель Студенческого спортивного клуба.",,,,,,,,,
putin2018,Горбунов Сергей Владимирович,,"ООО ""Красноярская фабрика ""Енисей"", директор.",,,,,,,,,
putin2018,Готье Сергей Владимирович,,Главный трансплантолог Минздрава России,,,,,,,,,
putin2018,Гочияев Борис Хаджи-Ахматович,,"Филиал АО ""МАКС-М"" в г. Черкесске, директор.",,,,,,,,,
putin2018,Гребнева Елена Олеговна,,"ООО ""Рекламное Агентство Медиа Траст"", генеральный директор.",,,,,,,,,
putin2018,Гриднева Галина Борисовна,,"Директор филиала ОУ ВО «Санкт-Петербургский институт внешнеэкономических связей, экономики и права», председатель правления РОО Общероссийской общественной организации – Общество «Знание» России, председатель Общественной палаты Новосибирской области.",,,,,,,,,
putin2018,Гриценко Владимир Петрович,,Директор ФГБУК «Государственный военно-исторический и природный музей-заповедник «Куликово поле» (Тульская область). Сопредседатель регионального отделения ОНФ.,,,,,,,,,
putin2018,Гришин Виктор Иванович,,"ФГБОУ ВО ""Российский экономический университет им. Г.В. Плеханова, ректор.",,,,,,,,,
putin2018,Гришин Вячеслав Леонидович,,Президент Общероссийского союза общественных объединений «Союз «Чернобыль» России». Член Центрального штаба ОНФ.,,,,,,,,,
putin2018,Губерниев Дмитрий Викторович,,"Телеведущий, спортивный комментатор телеканала «Матч ТВ».",,,,,,,,,
putin2018,Губин Александр Вадимович,,"ФГБУ ""Российский научный центр ""Восстановительная травматология и ортопедия"" им. академика Г.А. Илизарова"" Министерства здравоохранения РФ, директор.",,,,,,,,,
putin2018,Гударенко Раиса Федоровна,,"ГАУ ДПО ""Центр повышения квалификации и профессиональной переподготовки работников социальной сферы"", заместитель директора по научно-аналитической работе.",,,,,,,,,
putin2018,Гудас Инесса Узаировна,,Директор «Дом детского творчества» Костромского района Костромской области. Член Общественной палаты Костромской области. Активистка ОНФ.,,,,,,,,,
putin2018,Гузев (Панкратов-Черный) Александр Васильевич,,"Актер, режиссер киностудии «Мосфильм». Народный артист Российской Федерации.",,,,,,,,,
putin2018,Гурцкая Диана Гудаевна,,"Певица, президент попечительского совета благотворительного фонда Дианы Гурцкая ""По зову сердца"".",,,,,,,,,
putin2018,Гусев Владимир Александрович,,Директор ФГУК «Государственный Русский музей». Член президиума Российского комитета Международного совета музеев,,,,,,,,,
putin2018,Гусев Павел Николаевич,,"Главный редактор ""Московского комсомольца""",,,,,,,,,
putin2018,Густов Сергей Вадимович,,Генеральный директор ООО «Газпром СПК Санкт-Петербург».,,,,,,,,,
putin2018,Гуськов Алексей Геннадьевич,,"Народный артист России, кинорежиссер, продюсер.",,,,,,,,,
putin2018,Гыштемулте Ефросиния Николаевна,,Председатель Региональной общественной организации Московской области «Объединение и социальная поддержка женщин-мигрантов».,,,,,,,,,
putin2018,Давлетьяров Ренат Фаварисович,,"Продюсер, кинорежиссер, сценарист. Президент российской Гильдии продюсеров.",,,,,,,,,
putin2018,Данилов Константин Иванович,,Руководитель представительства ГК «Ростех» в Тульской области. Заместитель председателя Общественной палаты Тульской области. Заслуженный машиностроитель РФ.,,,,,,,,,
putin2018,Дворниченко Виктория Владимировна,,"ГБУЗ ""Областной онкологический диспансер"" города Иркутска, главный врач.",,,,,,,,,
putin2018,Девяткина Тамара Владимировна,,"ФГБОУ ВО ""Ульяновский государственный педагогический университет им. И.Н. Ульянова"", ректор.",,,,,,,,,
putin2018,Демаков Илья Сергеевич,,"Учитель истории, права и обществознания. Победитель конкурса «Учитель года» 2017 г.",,,,,,,,,
putin2018,Демидов Александр Иванович,,"Саратовская государственная юридическая академия, Директор Центра международного сотрудничества, профессор.",,,,,,,,,
putin2018,Дербин Владимир Георгиевич,,Председатель Общественной организации Межрегиональное Санкт-Петербурга и Ленинградской области объединение организаций профсоюзов «Ленинградская Федерация Профсоюзов».,,,,,,,,,
putin2018,Дергаев Евгений Александрович,,"ГАУ Архангельской области ""региональный центр развития спорта ""Водник"", спортсмен-инструктор. Член сборной России по хоккею с мячом.",,,,,,,,,
putin2018,Держак Владимир Владимирович,,"Мастер цеха монтажа, наладки и специального транспорта, производства ремонта и обслуживания оборудования дирекции по обслуживанию и ремонту технологического оборудования ОАО «Автоваз».",,,,,,,,,
putin2018,Долина Лариса Александровна,,Певица. Народная артистка Российской Федерации.,,,,,,,,,
putin2018,Домненко Анатолий Федорович,,Военный пенсионер.,,,,,,,,,
putin2018,Дорофеев Сергей Борисович,,"ГАУЗ Новосибирской области ""Городская клиническая поликлиника № 1"", главный врач.",,,,,,,,,
putin2018,Дорошенко Светлана Васильевна,,Председатель общественной организации «Союз женщин Республики Адыгея».,,,,,,,,,
putin2018,Дудова Людмила Васильевна,,Председатель координационного совета Общероссийской общественной организации «Ассоциация учителей литературы и русского языка». Член Общественной палаты Российской Федерации.,,,,,,,,,
putin2018,Дужников Станислав Михайлович,,Актер театра и кино.,,,,,,,,,
putin2018,Егоров Алексей Алексеевич,,"АУ РС(Я) ""Государственный театр эстрады"", директор.",,,,,,,,,
putin2018,Егоров Виктор Иванович,,Президент ассоциации заслуженных врачей России. Заслуженный врач Российской Федерации.,,,,,,,,,
putin2018,Егорян Яна Карапетовна,,"Фехтовальщица, двукратная чемпионка России, четырёхкратная чемпионка Европы, чемпионка мира, двукратная чемпионка Олимпийских игр в личном и командном первенстве. Заслуженный мастер спорта России.",,,,,,,,,
putin2018,Емельяненко Федор Владимирович,,"Боец смешанного стиля (ММА), заслуженный мастер спорта по самбо, мастер спорта международного класса по дзюдо.",,,,,,,,,
putin2018,Емельянова Светлана Анатольевна,,"Главный врач ГБУЗ «Волгоградская областная детская клиническая больница». Кандидат медицинских наук, удостоена звания «Отличник здравоохранения».",,,,,,,,,
putin2018,Ермаков Алексей Федорович,,"ООО ""Газпром Межрегионгаз ""Краснодар"", заместитель генерального директора по работе с органами власти и бюджетными организациями.",,,,,,,,,
putin2018,Ефремов Борис Иванович,,"Акционерное общество ""Марийский машиностроительный завод"", генеральный директор.",,,,,,,,,
putin2018,Запашный Аскольд Вальтерович,,Художественный руководитель Большого московского цирка. Народный артист Российской Федерации.,,,,,,,,,
putin2018,Запашный Эдгард Вальтерович,,Директор Большого московского цирка. Народный артист Российской Федерации.,,,,,,,,,
putin2018,Захарова Светлана Юрьевна,,"Балерина. Народная артистка России, лауреат Государственной премии Российской Федерации.",,,,,,,,,
putin2018,Захарченко Виктор Гаврилович,,"Художественный руководитель – генеральный директор ГБНТУК КК «Кубанский казачий хор». Сопредседатель регионального отделения ОНФ, народный артист РСФСР, лауреат Государственной премии РФ.",,,,,,,,,
putin2018,Захматова Анна Андреевна,,"АНО ""Дирекция спортивных и социальных проектов"", руководитель департамента организации программы ""Зритель"".",,,,,,,,,
putin2018,Звягинцева Наталья Алексеевна,,"Белгородская региональная организация Всероссийской общественной организации ветеранов (пенсионеров) войны, труда, вооруженных сил и правоохранительных органов, председатель совета региональной общественной организации.",,,,,,,,,
putin2018,Зимовец Владимир Григорьевич,,"Председатель Совета директоров ЗАО «Трубный завод», ОАО «Профиль-А». Почетный гражданин города Волжского.",,,,,,,,,
putin2018,Зиятдинов Фанил Газисович,,"Генеральный директор АО «Купол», лауреат Национальной премии «Золотая идея».",,,,,,,,,
putin2018,Золотов Юрий Викторович,,"Астраханское региональное отделение всероссийской организации ветеранов (пенсионеров) войны, труда, вооруженных сил, и правоохранительных органов, председатель.",,,,,,,,,
putin2018,Зражевский Геннадий Алексеевич,,"Заместитель генерального директора, советник, Закрытого акционерного общества работников (народное предприятие) агрофирма ""Партизан""",,,,,,,,,
putin2018,Ибрагимов Канта Хамзатович,,"РОО ""Союз писателей Чеченской Республики"", председатель правления.",,,,,,,,,
putin2018,Ибрагимов Тагир Асхатович,,"АНО ""Хоккейный клуб ""Салават Юлаев"", генеральный директор.",,,,,,,,,
putin2018,Иванов Алексей Михайлович,,"АО ""Производственное объединение ""Северное машиностроительное предприятие"", слесарь-монтажник судовой 5 разряда.",,,,,,,,,
putin2018,Иванов Владимир Николаевич,,"ФГБОУ ВО ""Чувашский государственный университет им. И.Я. Яковлева"" (г. Чебоксары), ректор.",,,,,,,,,
putin2018,Иванова Валентина Николаевна,,"ФГБОУ ВО ""Московский государственный университет технологий и управления имени К.Г. Разумовского (Первый казачий университет), ректор.",,,,,,,,,
putin2018,Игнатенко Наталья Михайловна,,"Благотворительный фонд поддержки музыкального искусства ""Фонд Елены Образцовой"", генеральный директор.",,,,,,,,,
putin2018,Иноземцев Александр Александрович,,Управляющийдиректор-генеральный конструктор АО «ОДК – Авиадвигатель».,,,,,,,,,
putin2018,Исинбаева Елена Гаджиевна,,Олимпийская чемпионка по легкой атлетике.,,,,,,,,,
putin2018,Ищенко Надежда Мавляновна,,"Заместитель главного врача по охране здоровья материнства и детства, Государственное бюджетное учреждение здравоохранения «Чукотская окружная больница», г. Анадырь Чукотский автономный округ.",,,,,,,,,
putin2018,Кабайло Сергей Эдуардович,,Актер Нижегородского академического театра драмы им. М.Горького. Председатель нижегородского отделения Союза театральных деятелей РФ.,,,,,,,,,
putin2018,Кабанов Максим Юрьевич,,Начальник Санкт-Петербургского государственного бюджетного учреждения здравоохранения «Госпиталь для ветеранов войн».,,,,,,,,,
putin2018,Каблов Евгений Николаевич,,"Генеральный директор Всероссийского научно-исследовательского института авиационных материалов, академик РАН, лауреат Государственных премий СССР, РФ, премий Правительства РФ.",,,,,,,,,
putin2018,Кабышев Сергей Владимирович,,"ФГБОУ ВО ""Московский государственный юридический университет имени О.Е. Кутафина (МГЮА)"", профессор кафедры Конституционного и муниципального права.",,,,,,,,,
putin2018,Кадыров Тимур Рафкатович,,"Государственное бюджетное учреждение ""Дом Дружбы народов Татарстана"", заведующий отделом по работе с детьми и молодежью.",,,,,,,,,
putin2018,Казаков Николай Нилович,,"АУ ""Чувашская государственная филармония"", директор.",,,,,,,,,
putin2018,Казаков Рустем Абдуллаевич,,"ФГБУ"" Тренировочный центр спортивной подготовки сборных команд России ""Крымский"", советник директора.",,,,,,,,,
putin2018,Калашникова Светлана Васильевна,,"АОООП ""Союз ""Астраханское областное объединение организаций профсоюзов"", председатель.",,,,,,,,,
putin2018,Калинин Александр Сергеевич,,Президент «Опоры России».,,,,,,,,,
putin2018,Калинин Роман Евгеньевич,,"ФГБОУ ВО ""Рязанский государственный медицинский университет имени академика И.П. Павлова"", ректор.",,,,,,,,,
putin2018,Калягин Александр Александрович,,"Народный артист России, председатель Союза театральных деятелей Российской Федерации, художественный руководитель Московского театра «etcetera».",,,,,,,,,
putin2018,Калясин Валерий Михайлович,,"Вологодская областная федерация профсоюзов, председатель.",,,,,,,,,
putin2018,Каменский Сергей Игоревич,,"Спортсмен краевого автономного учреждения «Центр спортивной подготовки сборных команд Алтайского края», мастер спорта международного класса,серебряный призер Олимпийских игр по стрелковому спорту.",,,,,,,,,
putin2018,Кандыбович Сергей Львович,,"Управляющая компания ""Содружество"", директор Московского представительства.",,,,,,,,,
putin2018,Капанина Светлана Владимировна,,"Филиал ПАО ""Компания ""Сухой"" ""ОКБ Сухого"", летчик- инструктор 1 класса.",,,,,,,,,
putin2018,Кара Юрий Викторович,,"Советский и российский режиссер, сценарист, продюсер.",,,,,,,,,
putin2018,Карапетян Шаварш Владимирович,,"Советский спортсмен в дисциплине подводное плавание, 11-кратный рекордсмен мира. Спас большое количество людей в нескольких авариях.",,,,,,,,,
putin2018,Карпов Олег Эдуардович,,"ФГБУ ""Национальный медико-хирургический центр им. Н.И. Пирогова Минздрава России"", генеральный директор.",,,,,,,,,
putin2018,Карпович Наталья Николаевна,,Президент Фонда «Защита детства». Председатель Региональной общественной организации «Объединение многодетных семей города Москвы». Член Общественной палаты Москвы.,,,,,,,,,
putin2018,Карякин Сергей Александрович,,"Шахматист, гроссмейстер. Член Общественной палаты Российской Федерации.",,,,,,,,,
putin2018,Каспржак Алексей Анатольевич,,"Генеральный директор международного детского центра ""Артек""",,,,,,,,,
putin2018,Катырин Сергей Николаевич,,Президент Торгово-промышленной палаты Российской Федерации.,,,,,,,,,
putin2018,Кац Любовь Ивановна,,"Владимирская областная общественная организация ""Ассоциация детей-инвалидов ""Свет"", председатель.",,,,,,,,,
putin2018,Кашаев Владимир Евгеньевич,,"Государственное бюджетное учреждение Ивановской области ""Центральная универсальная научная библиотека"", директор.",,,,,,,,,
putin2018,Каштанов Олег Александрович,,"Автономное учреждение ""Известия Мордовии"", генеральный директор-главный редактор.",,,,,,,,,
putin2018,Кива Ирина Владимировна,,"ООО ""Форум-М"", директор.",,,,,,,,,
putin2018,Кирьянов Алексей Евгеньевич,,"Муниципальное автономное учреждение дополнительного образования Центр технического творчества ""Новация"", директор.",,,,,,,,,
putin2018,Киселев Михаил Сергеевич,,"Молодежная общероссийская общественная организация ""Российские Студенческие Отряды"", руководитель Центрального штаба.",,,,,,,,,
putin2018,Киселева Мария Александровна,,"ГБУ ""МГФСО"" Москомспорта, СШ ""Центр по синхронному плаванию М. Киселевой"", директор.",,,,,,,,,
putin2018,Клебанов Денис Вадимович,,Исполнительный директор Общероссийской общественно-государственной детско-юношеской организации «Российское движение школьников».,,,,,,,,,
putin2018,Климов Виктор Владимирович,,Руководитель проекта ОНФ «За права заемщиков».,,,,,,,,,
putin2018,Климов Владимир Иванович,,"Алтайская краевая общественная организация ветеранов (пенсионеров) войны, труда. Вооруженных Сил и правоохранительных органов, председатель.",,,,,,,,,
putin2018,Князев Евгений Владимирович,,Ректор Театрального института им. Б.Щукина.,,,,,,,,,
putin2018,Ковальчук Андрей Николаевич,,"Скульптор, председатель Всероссийской творческой общественной организации «Союз художников России». Член Общественной палаты Российской Федерации",,,,,,,,,
putin2018,Ковальчук Илья Валерьевич,,Российский хоккеист.,,,,,,,,,
putin2018,Коган Павел Леонидович,,Художественный руководитель МГАСО под руководством Павла Когана.,,,,,,,,,
putin2018,Когогин Сергей Анатольевич,,Глава концерна КамАЗ,,,,,,,,,
putin2018,Кожевников Александр Викторович,,"Двукратный олимпийский чемпион по хоккею, заслуженный мастер спорта СССР. Член правления Ночной хоккейной лиги.",,,,,,,,,
putin2018,Колесниченко Александр Борисович,,"ООО ""Сельскохозяйственное предприятие ""Донское"", генеральный директор.",,,,,,,,,
putin2018,Колмакова Виктория Викторовна,,"ГАУЗ «Городская поликлиника №2» в Республике Бурятия, главный врач.",,,,,,,,,
putin2018,Комиссарова Виолетта Ивановна,,Президент торгово-промышленной палаты Калужской области,,,,,,,,,
putin2018,Комков Константин Анатольевич,,"ГОА УВО Курской области ""Курская академия государственной и муниципальной службы"", директор Центра регионального развития.",,,,,,,,,
putin2018,Комкова Мария Анатольевна,,Многодетная мать – блогер.,,,,,,,,,
putin2018,Коновалов Александр Николаевич,,"Директор ФГБУ «Научно-исследовательский институт нейрохирургии имени академика Н.Н.Бурденко» Российской академии медицинских наук, Герой Труда РФ.",,,,,,,,,
putin2018,Кончаловский (Михалков) Андрей Сергеевич,,"Российский режиссер, сценарист, продюсер.",,,,,,,,,
putin2018,Кормухина Ольга Борисовна,,Певица. Заслуженная артистка Российской Федерации.,,,,,,,,,
putin2018,Корнилова Людмила Ивановна,,"Учитель истории МАОУ «Лицей математики и информатики», Герой Труда РФ.",,,,,,,,,
putin2018,Королев Юрий Николаевич,,"Муниципальное бюджетное учреждение дополнительного образования г. Владимира ""Специализированная детско-юношеская спортивная школа олимпийского резерва по спортивной гимнастике им. Н.Г. Толкачева"", старший тренер мужского отделения.",,,,,,,,,
putin2018,Корчевников Борис Вячеславович,,"ООО ""СПАС-ТВ"", генеральный директор.",,,,,,,,,
putin2018,Косенкова Елена Александровна,,"Закрытое акционерное общество ""Псковская швейная фабрика ""Славянка"", генеральный директор.",,,,,,,,,
putin2018,Костина Ольга Николаевна,,Председатель межрегиональной правозащитной общественной организации «Сопротивление».,,,,,,,,,
putin2018,Костюков Валентин Ефимович,,Директор Всероссийского научно-исследовательского института экспериментальной физики (федерального ядерного центра). Лауреат Государственной премии Российской Федерации в области науки и техники.,,,,,,,,,
putin2018,Косьмин Евгений Сергеевич,,"АО ""СУЭК-Кузбасс"" Шахта им. В.Д.Ялевского, машинист горных выемочных машин 6 разряда (бригадир).",,,,,,,,,
putin2018,Кравченко Галина Олеговна,,"КГБУ ""Камчатский центр народного творчества"", методист.",,,,,,,,,
putin2018,Кравченко Николай Васильевич,,"Федеральное государственное казенное общеобразовательное учреждение ""Омский кадетский военный корпус Министерства обороны Российской Федерации"", начальник кадетского корпуса.",,,,,,,,,
putin2018,Красикова Екатерина Сергеевна,,"Центральный штаб молодежной общероссийской общественной организации ""Российские студенческие отряды"", заместитель руководителя.",,,,,,,,,
putin2018,Краснолицкий Николай Иванович,,Директор Севастопольского художественного музея имени М.П.Крошицкого.,,,,,,,,,
putin2018,Крикалев Сергей Константинович,,"Государственная Корпорация по космической деятельности ""РОСКОСМОС"", исполнительный директор по пилотируемым программам.",,,,,,,,,
putin2018,Крок Кирилл Игоревич,,"Федеральное государственное бюджетное учреждение культуры академический театр имени Евгения Вахтангова, директор.",,,,,,,,,
putin2018,Круглова Екатерина Геннадьевна,,"Благотворительный фонд ""ПАМЯТЬ ПОКОЛЕНИЙ"", исполнительный директор.",,,,,,,,,
putin2018,Крутой Игорь Яковлевич,,Композитор,,,,,,,,,
putin2018,Кручинкин Николай Андреевич,,"МБУК ""Мемориальный музей военного и трудового подвига 1941 - 1945 г.г."", директор.",,,,,,,,,
putin2018,Кудрявцева Анна Викторовна,,"Федеральное Государственное бюджетное учреждение науки Институт молекулярной биологии им. В.А. Энгельгарта Российской Академии наук (ИМБРАН), старший научный сотрудник.",,,,,,,,,
putin2018,Кузнецов Николай Геннадьевич,,"Федеральное государственное бюджетное образовательное учреждение высшего образования ""Ростовский государственный экономический университет (РИНХ)"", первый проректор - проректор по учебной работе.",,,,,,,,,
putin2018,Кузьбожева Мария Вячеславовна,,"Государственное профессиональное образовательное учреждение ""Гимназия искусств при Главе Республики Коми"" имени Ю.А. Спиридонова, директор.",,,,,,,,,
putin2018,Кукевич Юрий Андреевич,,"Государственное учреждение ""Северное издательство"", заместитель директора по информационным проектам.",,,,,,,,,
putin2018,Курилов Владимир Иванович,,Научный руководитель ФГАОУ ВО «Дальневосточный федеральный университет».,,,,,,,,,
putin2018,Курилов Илья Николаевич,,Генеральный директор ПАО «Тульский оружейный завод».,,,,,,,,,
putin2018,Курлеева Татьяна Юрьевна,,"Государственное бюджетное учреждение здравоохранения ""Приморский краевой перинатальный центр"", главный врач.",,,,,,,,,
putin2018,Куснирович Михаил Эрнестович,,"Акционерное общество ""Группа компаний ММД ""Восток и Запад"", президент.",,,,,,,,,
putin2018,Куценко Гульвайра Куденовна,,Президент межрегиональной общественной организации «Информационно-образовательная сеть коренных народов « Льыоравэтльан».,,,,,,,,,
putin2018,Кучерена Анатолий Григорьевич,,"Коллегия адвокатов ""Кучерена и Партнеры"", председатель Президиума коллегии адвокатов.",,,,,,,,,
putin2018,Лагутенкова Вера Анатольевна,,"Художник, искусствовед. Лауреат премии Президента Российской Федерации для молодых деятелей культуры 2016 г.",,,,,,,,,
putin2018,Лагутинская Софья Владимировна,,Директор Калининградской общественной молодежной благотворительной организации «Верю в чудо» (Благотворительный центр детского больничного и социального волонтерства).,,,,,,,,,
putin2018,Лазарев Алексей Иванович,,"Союз ""Федерация организаций профсоюзов Курской области"", председатель Федерации.",,,,,,,,,
putin2018,Лазарева Евгения Станиславовна,,"Эксперт проекта ОНФ «За права заемщиков», сопредседатель Центрального координационного совета сторонников Партии «Единая Россия», основатель проекта «Маманонстоп», социальный предприниматель.",,,,,,,,,
putin2018,Лановой Василий Семенович,,Актер театра и кино. Народный артист СССР. Председатель попечительского совета ООГПД «Бессмертный полк России».,,,,,,,,,
putin2018,Лаптандер Максим Иванович,,"Муниципальное общеобразовательное учреждение Школа с. Белоярск, воспитатель.",,,,,,,,,
putin2018,Ларионова Оксана Владимировна,,Руководитель исполкома регионального отделения Общероссийского общественного движения «Народный фронт «За Россию» в Красноярском крае.,,,,,,,,,
putin2018,Ласицкене (Кучина) Мария Александровна,,"ГКУ Кабардино-Балкарской Республики «Спортивная школа олимпийского резерва № 1», спортсмен-инструктор. Двукратная чемпионка мира, чемпионка Европы, многократная чемпионка России по прыжкам в высоту. Признана лучшей спортсменкой России в 2017 г.",,,,,,,,,
putin2018,Левин Александр Юрьевич,,"Председатель региональной общественной организации ""Свердловский творческий союз журналистов""",,,,,,,,,
putin2018,Левин Борис Романович,,"Кольчугинская участковая больница Государственного Бюджетного Учреждения здравоохранения Республики Крым ""Симферопольская центральная районная клиническая больница"", заведующий.",,,,,,,,,
putin2018,Лещенко Лев Валерьянович,,"Советский и российский эстрадный певец, народный артист РСФСР, Полный кавалер ордена «За заслуги перед Отечеством».",,,,,,,,,
putin2018,Литвиненко Владимир Стефанович,,Ректор Санкт-Петербургского горного университета.,,,,,,,,,
putin2018,Лобанов Владимир Викторович,,Заместитель директора Забайкальской краевой филармонии по общим вопросам. Член Забайкальского регионального отделения ОНФ,,,,,,,,,
putin2018,Лобус Георгий Константинович,,"ООО ""Красный Октябрь"", генеральный директор.",,,,,,,,,
putin2018,Ломанов Сергей Сергеевич,,"Автономная некоммерческая организация ""Профессиональный клуб по хоккею с мячом ""Енисей"", спортсмен-инструктор. Заслуженный мастер спорта России.",,,,,,,,,
putin2018,Лукин Олег Павлович,,"ФГБЦ ""Федеральный центр сердечно-сосудистой хирургии"" города Челябинска, главный врач.",,,,,,,,,
putin2018,Лысенко Александр Евгеньевич,,"АНО ""Национальный центр проблем инвалидности"", научный руководитель.",,,,,,,,,
putin2018,Львова-Белова Мария Александровна,,"Директор центра для инвалидов – колясочников «Квартал Луи». Член Общественной палаты Российской Федерации, председатель Пензенской общественной организации «Благовест».",,,,,,,,,
putin2018,Любавин Анатолий Александрович,,"МГАХИ им. В.И. Сурикова, ректор.",,,,,,,,,
putin2018,Лянге Маргарита Арвитовна,,"МОО ""Гильдия межэтнической журналистики"", президент.",,,,,,,,,
putin2018,Ляшко Наталья Григорьевна,,Директор автономной некоммерческой культурно-просветительской организации «Точка Роста».,,,,,,,,,
putin2018,Магомедов Джамбулат Мусаевич,,Руководитель ГБУ «Академический заслуженный ансамбль танца Дагестана «Лезгинка».,,,,,,,,,
putin2018,Мазаев Сергей Владимирович,,"Музыкант, певец, автор песен, актер, солист группы «Моральный кодекс».",,,,,,,,,
putin2018,Майданов Денис Васильевич,,"Российский автор-исполнитель песен, композитор, поэт, актёр, музыкальный продюсер.",,,,,,,,,
putin2018,Майоров Николай Петрович,,"Помощник Губернатора Костромской области по взаимодействию с ветеранскими и патриотическими организациями. Руководитель Костромского регионального отделения Общероссийской общественной организации «Российская ассоциация Героев», Герой Российской Федерации.",,,,,,,,,
putin2018,Макаров Сергей Афанасьевич,,"Генерал-полковник, кавалер Ордена Святого Георгия IV степени.",,,,,,,,,
putin2018,Маленко Владислав Валерьевич,,"Московский театр поэтов и поэтическая лаборатория ""Есенин - Центр"", художественный руководитель.",,,,,,,,,
putin2018,Малышев Владимир Сергеевич,,"ФГБОУ ВО ""Всероссийский государственный институт кинематографии имени С.А. Герасимова"", ректор.",,,,,,,,,
putin2018,Мамаев Геннадий Александрович,,Генеральной директор АО «Электромашиностроительный завод «ЛЕПСЕ».,,,,,,,,,
putin2018,Мамий Дауд Казбекович,,Директор Республиканской естественно-математической школы при Адыгейском государственном университете.,,,,,,,,,
putin2018,Манучаров Вячеслав Рафаэльевич,,"Актер театра и кино, телеведущий.",,,,,,,,,
putin2018,Маринычев Павел Алексеевич,,"Акционерное ообщество ""Алмазы Анабара"", генеральный директор.",,,,,,,,,
putin2018,Маркелов Виктор Васильевич,,"Краснодарская краевая общественная ассоциация Героев, председатель.",,,,,,,,,
putin2018,Маркова Татьяна Владимировна,,"Территориальная организация Всеволожского района Ленинградской области Профсоюза работников народного образования и науки Российской Федерации, председатель.",,,,,,,,,
putin2018,Мартенс Генрих Генрихович,,"ОО Федеральная национально-культурная автономия российских немцев, президент.",,,,,,,,,
putin2018,Масляков Александр Васильевич,,"Руководитель телепередачи ""КВН""",,,,,,,,,
putin2018,Масько Александр Вадимович,,Генеральный директор ПАО «Мурманский морской торговый порт».,,,,,,,,,
putin2018,Матвиенко Игорь Игоревич,,"Продюсер, композитор. Заслуженный деятель искусств Российской Федерации.",,,,,,,,,
putin2018,Мацуев Денис Леонидович,,"Российский пианист и общественный деятель, народный артист Российской Федерации, лауреат Государственной премии Российской Федерации.",,,,,,,,,
putin2018,Мацук Александр Валерьевич,,"Президент, Генеральный Директор ОАО «Сахалинское морское пароходство», г. Холмск. Член федерации борьбы самбо Сахалинской области.",,,,,,,,,
putin2018,Машбашев Исхак Шумафович,,"Председатель Адыгейского регионального отделения Общероссийской общественной организации «Союз писателей России» – «Союз писателей Адыгеи», член Общественной палаты РФ.",,,,,,,,,
putin2018,Машков Владимир Львович,,"Актер театра и кино, режиссер. Народный артист Российской Федерации.",,,,,,,,,
putin2018,Машковская Татьяна Олеговна,,"ФГКОУ ""Оренбургское президентское кадетское училище"", начальник училища.",,,,,,,,,
putin2018,Мгоян Зарифа Пашаевна,,"ООО ""Зара"", заместитель генерального директора.",,,,,,,,,
putin2018,Мельникова Светлана Евгеньевна,,"ФГБК ""Государственный историко-археологический музей заповедник ""Херсонес-Таврический"", директор.",,,,,,,,,
putin2018,Меньшов Владимир Валентинович,,"Актер театра, кино и телевидения, кинорежиссер, продюсер, сценарист. Народный артист РСФСР. Лауреат премии «Оскар».",,,,,,,,,
putin2018,Метрусенко Федор Степанович,,Пенсионер.,,,,,,,,,
putin2018,Мечетина Екатерина Васильевна,,"ФГБУ ""Московская государственная академическая филармония"", солист-пианист.",,,,,,,,,
putin2018,Мирошниченко Сергей Валентинович,,"Режиссер, лауреат двух Государственных премий Российской Федерации.",,,,,,,,,
putin2018,Мисиков Борис Рамазанович,,"ФГБОУ ВО ""Сахалинский государственный университет"", президент.",,,,,,,,,
putin2018,Михайлов Кирилл Эдуардович,,"ООО ""ЛЧБ Воронеж"", генеральный директор.",,,,,,,,,
putin2018,Михайлов Станислав Владимирович,,"Певец, композитор. Заслуженный артист Российской Федерации.",,,,,,,,,
putin2018,Михалков Никита Сергеевич,,"Российский режиссер, актер, сценарист, продюсер.",,,,,,,,,
putin2018,Михеева Лидия Юрьевна,,"Федеральное государственное бюджетное научное учреждение ""Исследовательский центр частного права имени С.С. Алексеева при президенте Российской Федерации"", заместитель председателя совета.",,,,,,,,,
putin2018,Моисеев Михаил Алексеевич,,"Председатель Общероссийской общественной организации ""Российский Союз Ветеранов"".",,,,,,,,,
putin2018,Монгуш Вячеслав Карбыевич,,"Спортивная школа (олимпийского резерва, комплексная ""ЦСКА-ТЫВА"", г.Кызыл, Республика Тыва) филиала ФАУ МО РФ ЦСКА (ЦСК ВСС, г.Самара), директор.",,,,,,,,,
putin2018,Москвина Тамара Николаевна,,Советский и российский тренер по фигурному катанию на коньках.,,,,,,,,,
putin2018,Мосякин Иван Яковлевич,,"Почетный гражданин Орловской области, председатель правления регионального отделения Общероссийской общественной организации ""Союз пенсионеров России"" по Орловской области.",,,,,,,,,
putin2018,Мохначук Иван Иванович,,"Российский независимый профсоюз работников угольной промышленности, председатель.",,,,,,,,,
putin2018,Муругов Вячеслав Александрович,,"ООО ""СТС Медиа"", генеральный директор.",,,,,,,,,
putin2018,Мусагалиев Азамат Тахирович,,"Артист Comedy Club Production, капитан команды КВН «Сборная Камызякского края», телеведущий шоу «Однажды в России», актер.",,,,,,,,,
putin2018,Мясников Александр Леонидович,,Главный врач Московской городской клинической больницы № 71. Ведущий медицинских программ на телевидении и радио.,,,,,,,,,
putin2018,Навка Татьяна Александровна,,Олимпийская чемпионка в танцах на льду. Заслуженный мастер спорта России.,,,,,,,,,
putin2018,Назейкин Анатолии Георгиевич,,"Общественная организация Профсоюз работников связи России, председатель.",,,,,,,,,
putin2018,Нарбекова Людмила Николаевна,,"ГБУК ""Мордовский республиканский музей изобразительных искусств им С.Д. Эрьзи"", директор.",,,,,,,,,
putin2018,Нарочницкая Наталия Алексеевна,,Президент Фонда изучения исторической перспективы. Член Общественной палаты Российской Федерации.,,,,,,,,,
putin2018,Настинов Мерген Сергеевич,,"БУРК ""Калмыцкая государственная филармония"", художественный руководитель.",,,,,,,,,
putin2018,Невалённая Галина Ивановна,,"Государственное бюджетное учреждение здравоохранения Псковской области ""Псковская городская поликлиника"", главный врач.",,,,,,,,,
putin2018,Некрасов Сергей Геннадьевич,,Первый заместитель председателя Федерации независимых профсоюзов России. Член Общественной палаты Российской Федерации.,,,,,,,,,
putin2018,Немец Анастасия Сергеевна,,"Государственное казенное учреждение Свердловской области ""Территориальный центр мониторинга и реагирования на чрезвычайные ситуации в Свердловской области"", диспетчер отдела диспетчерской службы.",,,,,,,,,
putin2018,Немов Алексей Юрьевич,,Вице-президент Федерации спортивной гимнастики России.,,,,,,,,,
putin2018,Нероев Владимир Владимирович,,"Директор ФГБУ «Московский НИИ глазных болезней им. Гельмгольца» Минздрава России, член-корреспондент РАН, профессор, доктор медицинских наук, заслуженный деятель науки Российской Федерации, заслуженный врач Российской Федерации.",,,,,,,,,
putin2018,Нечаев Алексей Геннадьевич,,"Президент ОАО ""Фаберлик""",,,,,,,,,
putin2018,Никифоров Николай Алексеевич,,"Российский профессиональный союз железнодорожников и транспортных строителей (РОСПРОФЖЕЛ), председатель.",,,,,,,,,
putin2018,Новиков Аркадий Анатольевич,,"Ресторатор, учредитель группы компаний «Novikovgroup».",,,,,,,,,
putin2018,Новиков Сергей Анатольевич,,"ООО ""Агропромкомплектация"", генеральный директор.",,,,,,,,,
putin2018,Нуждин Вадим Владимирович,,Военный пенсионер Министерства Обороны Российской Федерации. Координатор проект ОНФ «За честные закупки» в Самарской области.,,,,,,,,,
putin2018,Нурбагандов Нурбаганд Магомедович,,"МКОУ ""Сергокалинская СОШ № 2"", директор.",,,,,,,,,
putin2018,Обносов Борис Викторович,,"АО ""Корпорация ""Тактическое ракетное вооружение"", генеральный директор.",,,,,,,,,
putin2018,Овечкин Александр Михайлович,,"Российский профессиональный хоккеист, левый крайний нападающий клуба НХЛ «Вашингтон Кэпиталз».",,,,,,,,,
putin2018,Оглоблина Юлия Васильевна,,"ОМОО ""Российский союз сельской молодежи"", председатель центрального совета.",,,,,,,,,
putin2018,Озов Анатолий Галимжанович,,"Филиал ФКУ ""Управление федеральных автомобильных дорог ""Кавказ"" в г. Черкесске, заместитель директора.",,,,,,,,,
putin2018,Омаев Дагун Ибрагимович,,"ГАУ ""Чеченский государственный драматический театр"", ведущий мастер сцены.",,,,,,,,,
putin2018,Омрувье Иван Васильевич,,Редактор национальных приложений к газете «Крайний Север» и «Золотая Чукотка» Государственного предприятия Чукотского автономного округа «Издательство «Крайний Север».,,,,,,,,,
putin2018,Ооржак Ошку-Саар Аракчеевна,,Директор Государственного унитарного предприятия Республики Тыва «Моген-Бурен». Член Общественной палаты Республики Тыва.,,,,,,,,,
putin2018,Отмахова Анна Владимировна,,"КГАУК ""Пермкино"", менеджер по связям с общественностью.",,,,,,,,,
putin2018,Павлюченко Елена Ивановна,,"ФГБОУ ВО ""ДГТУ"", НИИ ""Информационных технологий и телекоммуникаций"", директор.",,,,,,,,,
putin2018,Парышев Дмитрий Николаевич,,"ЗАО ""Курганстальмост"", генеральный директор.",,,,,,,,,
putin2018,Паскачев Асламбек Боклуевич,,Председатель Общероссийского общественного движения «Российский конгресс народов Кавказа».,,,,,,,,,
putin2018,Пахомов Сергей Васильевич,,"Крестьянское хозяйство Пахомова Сергея Васильевича, Глава крестьянского хозяйства.",,,,,,,,,
putin2018,Пацкевич Александра Вячеславовна,,"Спортсмен-инструктор спортивной сборной команды РФ по синхронному плаванию  в ФГБУ ""Центр спортивной подготовки сборных команд России""",,,,,,,,,
putin2018,Пекарш Александр Иванович,,Заместитель генерального директора - директор Филиала ПАО «Компания Сухой» «Комсомольское-на-Амуре авиационное производственное объединение имени Ю.А. Гагарина».,,,,,,,,,
putin2018,Пеньков Владимир Федорович,,"Тамбовское отделение №	8594 ПАО Сбербанк, менеджер группы специалистов маркетинга и коммуникаций.",,,,,,,,,
putin2018,Перепелица Николай Михайлович,,Пенсионер. Экс-министр - руководитель Аппарата Правительства Карачаево-Черкесской Республики.,,,,,,,,,
putin2018,Пермякова Александра Андреевна,,Художественный руководитель Государственного академического русского народного хора имени М.Е.Пятницкого.,,,,,,,,,
putin2018,Перфилова Валерия Юрьевна,,"Российская эстрадная певица (Валерия), Народная артистка Российской Федерации.",,,,,,,,,
putin2018,Петреня Юрий Кириллович,,Генеральный директор ПАО «Силовые машины». Член-корреспондент РАН. Лауреат Премии Правительства РФ в области науки и техники.,,,,,,,,,
putin2018,Петрова Елена Алексеевна,,"Некоммерческий детский благотворительный фонд имени Алены Петровой, председатель правления.",,,,,,,,,
putin2018,Петросян Евгений Ваганович,,"Артист эстрады, телеведущий. Народный артист РСФСР.",,,,,,,,,
putin2018,Пильдес Майя Борисовна,,"ГБОУ ""Академическая Гимназия №56"" Санкт-Петербурга, заместитель директора по учебно-воспитательной работе.",,,,,,,,,
putin2018,Пиотровский Михаил Борисович,,"Генеральный директор ""Эрмитажа""",,,,,,,,,
putin2018,Пискунова Светлана Геннадьевна,,"Государственное бюджетное учреждение Ростовской области ""Областная детская клиническая больница"", главный врач.",,,,,,,,,
putin2018,Плесовских Юрий Гертурович,,"Федеральное государственное бюджетное образовательное учреждение высшего образования ""Хабаровский государственный университет экономики и права"", исполняющий обязанности ректора.",,,,,,,,,
putin2018,Плутенко Андрей Долиевич,,"Федеральное государственное бюджетное образовательное учреждение высшего образования ""Амурский государственный университет"", ректор.",,,,,,,,,
putin2018,Плющенко Евгений Викторович,,Олимпийский чемпион по фигурному катанию.,,,,,,,,,
putin2018,Поветкин Александр Владимирович,,Боксер-профессионал (тяжелая весовая категория). Заслуженный мастер спорта России. Обладатель нескольких международных чемпионских титулов.,,,,,,,,,
putin2018,Поддубный Евгений Евгеньевич,,"Филиал ФГУП ""Всероссийская государственная телевизионная и радиовещательная компания ""телеканал ""Россия"", специальный корреспондент.",,,,,,,,,
putin2018,Подобед Владимир Николаевич,,"Союз ""Пензенская областная торгово-промышленная палата"", председатель.",,,,,,,,,
putin2018,Покровская Татьяна Николаевна,,Главный тренер спортивной сборной команды Российской Федерации по синхронному плаванию федерального государственного бюджетного учреждения «Центр спортивной подготовки сборных команд России». Герой Труда Российской Федерации.,,,,,,,,,
putin2018,Поликанов Дмитрий Валериевич,,"Президент БФ ""Фонд поддержки слепоглухих ""Соединение"".",,,,,,,,,
putin2018,Поляков Виктор Анатольевич,,"ПАО ""ОДК-Сатурн"", заместитель генерального директора - управляющий директор.",,,,,,,,,
putin2018,Поляков Леонид Владимирович,,Заведующий кафедрой общей политологии Государственного университета – Высшей школы экономики.,,,,,,,,,
putin2018,Поляков Юрий Михайлович,,"Писатель, поэт, публицист",,,,,,,,,
putin2018,Попова (Бурт) Анастасия Андреевна,,Шеф европейского представительства ВГТРК,,,,,,,,,
putin2018,Пореченков Михаил Евгеньевич,,"Актёр театра и кино, кинорежиссёр, продюсер, телеведущий. Заслуженный артист Российской Федерации.",,,,,,,,,
putin2018,Починок Наталья Борисовна,,"ФГБОУ ВО ""Российский государственный социальный университет"", ректор.",,,,,,,,,
putin2018,Поштаренко Дмитрий Александрович,,"ООО ""Прорыв"", генеральный директор.",,,,,,,,,
putin2018,Пригожин Иосиф Игоревич,,Продюсер.,,,,,,,,,
putin2018,Примаков Евгений Александрович,,"АНО ""Русская Гуманитарная Миссия"", генеральный директор.",,,,,,,,,
putin2018,Просеков Александр Юрьевич,,"ФГБОУ ВО ""Кемеровский государственный университет"" (КемГУ), ректор.",,,,,,,,,
putin2018,Проскурнина Марина Георгиевна,,"Смоленское областное государственное унитарное предприятие ""Редакция газеты ""Краснинский край"", главный редактор.",,,,,,,,,
putin2018,Прохорова Зоя Васильевна,,"Председатель Забайкальского краевого союза организаций профсоюзов «Федерация профсоюзов Забайкалья», сопредседатель Забайкальского регионального отделения  ОНФ.",,,,,,,,,
putin2018,Пугач Валентин Николаевич,,"Вятский государственный университет, ректор.",,,,,,,,,
putin2018,Пугин Николай Андреевич,,"Президент ОАО «ГАЗ», член Общественной палаты Нижегородской области.",,,,,,,,,
putin2018,Пучков Андрей Анатольевич,,"ГБУЗ СК ""ГКБ СМП"" города Ставрополя, главный врач.",,,,,,,,,
putin2018,Разворотнева Светлана Викторовна,,"НП ""Национальный центр общественного контроля в сфере ЖКХ ""ЖКХ контроль"", исполнительный директор.",,,,,,,,,
putin2018,Раздрогин Владимир Александрович,,"Пенсионер, врач-хирург высшей квалификационной категории, заслуженный врач РСФСР, кандидат медицинских наук.",,,,,,,,,
putin2018,Рассадин Николай Михайлович,,"Костромской государственный университет, профессор кафедры педагогики.",,,,,,,,,
putin2018,Расторгуев Николай Вячеславович,,"Российский певец и общественный деятель, лидер музыкальной группы «Любэ». Народный артист Российской Федерации.",,,,,,,,,
putin2018,Ревякина Мария Евсеевна,,"Директор Государственного театра наций, генеральный директор национальной театральной премии и фестиваля «Золотая маска».",,,,,,,,,
putin2018,Рень Виктор Алексеевич,,Заместитель начальника управления ЦПК им. Ю.А. Гагарина. Заместитель Председателя Московского областного регионального отделения Общероссийской общественной организации ветеранов  Вооруженных сил РФ. Герой России.,,,,,,,,,
putin2018,Рожков Андрей Борисович,,"Актёр, сценарист и телеведущий. Капитан команды КВН и творческого объединения «Уральские пельмени».",,,,,,,,,
putin2018,Ройтблат Ольга Владимировна,,"ГАОУ ТО ДПО ""ТОГИРРО"", ректор.",,,,,,,,,
putin2018,Романов Владимир Викторович,,"Тамбовский государственный университет имени Г.Р. Державина, декан факультета истории, мировой политики и социологии.",,,,,,,,,
putin2018,Романова Галина Максимовна,,"ФГБОУ ВО ""Сочинский государственный университет"", ректор.",,,,,,,,,
putin2018,Рондик Ирина Николаевна,,"Председатель Совета Кемеровской региональной общественной организации «Ресурсный центр поддержки общественных инициатив». Директор ООО «АХО СМК». Председатель Общественной палаты Кемеровской области, председатель областного комитета Союза молодежи Кузбасса, председатель Совета некоммерческих организаций Кузбасса.",,,,,,,,,
putin2018,Рошаль Леонид Михайлович,,"Президент НИИ неотложной детской хирургии и травматологии, общественный деятель.",,,,,,,,,
putin2018,Рубцов Евгений Леонидович,,"ОАО ""АК ""Томские мельницы"", генеральный директор.",,,,,,,,,
putin2018,Руденко Гульзада Ракиповна,,"Государственное бюджетное учреждение культуры Республики Татарстан ""Елабужский государственный историко-архитектурный и художественный музей-заповедник"", генеральный директор.",,,,,,,,,
putin2018,Рукша Вячеслав Владимирович,,Генеральный директор ФГУП «Атомфлот».,,,,,,,,,
putin2018,Румянцев Александр Григорьевич,,Генеральный директор Центра им. Дмитрия Рогачева,,,,,,,,,
putin2018,Рыбников Алексей Львович,,"Московская Государственная Творческая Мастерская под руководством Алексея Рыбникова, художественный руководитель.",,,,,,,,,
putin2018,Рыкованов Георгий Николаевич,,"ФГУП ""РФЯЦ-ВНИИТФ имени академика Е.И. Забабахина"", научный руководитель РФЯЦ-ВНИИТФ.",,,,,,,,,
putin2018,Рябцева Жанна Анатольевна,,"Исполком Общероссийского общественного движения ""Народный фронт за Россию"", руководитель Регионального исполкома ОНФ в Свердловской области.",,,,,,,,,
putin2018,Рязанский Сергей Николаевич,,"Герой Российской Федерации, лётчик-космонавт Российской Федерации, Заслуженный испытатель космической техники.",,,,,,,,,
putin2018,Савиных Виктор Петрович,,"Дважды Герой Советского Союза, летчик-космонавт СССР, почетный житель Кировской области.",,,,,,,,,
putin2018,Садовничий Виктор Антонович,,"Президент Общероссийской общественной организации «Российский союз ректоров», ректор ФГБУ ВО «Московский государственный университет имени М.В.Ломоносова».",,,,,,,,,
putin2018,Садыгова Мехрибан Эльдар Кызы,,"Общественная организация ""Федеральная национально-культурная автономия азербайджанцев России"" (ОО ""ФНКА АзерРос""), президент.",,,,,,,,,
putin2018,Самокутяев Александр Михайлович,,"Летчик-космонавт, председатель межрегиональной общественной организации «Пензенское землячество». Герой Российской Федерации.",,,,,,,,,
putin2018,Санжиев Замбал Владимирович,,"Государственное бюджетное учреждение ""Молодежный центр Республики Бурятия""",,,,,,,,,
putin2018,Святославский Ярослав Александрович,,"Спортсмен. Первый в России пилот-испытатель экзоскелета, помогающего инвалидам-колясочникам.",,,,,,,,,
putin2018,Симонов (Вяземский) Юрий Павлович,,Заведующий кафедрой мировой литературы и культуры факультета международной журналистики МГИМО (У).,,,,,,,,,
putin2018,Симоньян Маргарита Симоновна,,Главный редактор Russia Today,,,,,,,,,
putin2018,Ситников Алексей Геннадьевич,,"Общество с ограниченной ответственностью ""Ульяновская станкостроительная компания"", генеральный директор.",,,,,,,,,
putin2018,Ситнов Александр Викторович,,"Российский профессиональный союз работников химических отраслей промышленности, председатель профсоюза.",,,,,,,,,
putin2018,Скворцов Вячеслав Николаевич,,Президент государственного автономного образовательного учреждения высшего профессионального образования Ленинградской области «Ленинградский государственный университет имени А.С. Пушкина». Член Общественной палаты РФ,,,,,,,,,
putin2018,Скоморохов Михаил Юрьевич,,"Художественный руководитель Пермского театра юного зрителя, народный артист РФ.",,,,,,,,,
putin2018,Скорнякова Елена Эдуардовна,,"Уральское межрегиональное отделение Общественной организации - Общество ""Знание"" России ""Урало-Сибирский дом Знаний"", председатель совета.",,,,,,,,,
putin2018,Скрипкин Николай Николаевич,,"Председатель Армавирского городского совета Краснодарской краевой общественной организации ветеранов (пенсионеров, инвалидов) войны, труда, Вооруженных Сил и правоохранительных органов. Почетный гражданин г.Армавира.",,,,,,,,,
putin2018,Слесарева Татьяна Валентиновна,,Директор муниципального общеобразовательного учреждения многопрофильная гимназия № 12 г. Твери.,,,,,,,,,
putin2018,Смирнов Виктор Григорьевич,,"Пенсионер, кандидат исторических наук, писатель, сценарист, продюсер, считается основателем новгородского телевидения.",,,,,,,,,
putin2018,Смирнов Евгений Александрович,,"Ивановский филиал Российской академии народного хозяйства и государственной службы при Президенте РФ, директор.",,,,,,,,,
putin2018,Смирнов Сергей Александрович,,"Генеральный директор филиала ПАО «Компания «Сухой» «Новосибирский авиационный завод имени В.П.Чкалова», зам. генерального директора ПАО «Компания «Сухой».",,,,,,,,,
putin2018,Смирнова Светлана Константиновна,,"Общероссийская общественная организация ""Ассамблея народов России"", председатель совета ассамблеи.",,,,,,,,,
putin2018,Смирнова Юлия Сергеевна,,"Общероссийское общественное молодежное движение ""Ассоциация студентов и студенческих объединений России"", председатель.",,,,,,,,,
putin2018,Соловей Андрей Михайлович,,"Открытое акционерное общество ""Тверской вагоностроительный завод"", генеральный директор.",,,,,,,,,
putin2018,Соломин Юрий Мефодьевич,,Художественный руководитель Малого театра России.,,,,,,,,,
putin2018,Солтагереев Хусайн Гиланович,,"Республиканский союз ""Федерация профсоюзов Чеченской Республики"", председатель.",,,,,,,,,
putin2018,Стариков Виталий Алексеевич,,"Областное государственное автономное учреждение культуры ""Белгородский государственный академический драматический театр имени М.С. Щепкина"", артист драмы - ведущий мастер сцены.",,,,,,,,,
putin2018,Степанова Марина Владимировна,,"ИП ""Степанова Марина Владимировна"", глава крестьянского (фермерского) хозяйства.",,,,,,,,,
putin2018,Стрельцов Анатолий Андреевич,,"Директор Иркутского областного драматического театра им. Н.П.Охлопкова, член Союза театральных деятелей России, заслуженный работник культуры. Сопредседатель РО ОНФ.",,,,,,,,,
putin2018,Стриханов Михаил Николаевич,,Ректор МИФИ,,,,,,,,,
putin2018,Судаков Юрий Дмитриевич,,"Свердловская областная общественная организация ветеранов войны, труда, боевых действий, государственной службы, пенсионеров, председатель.",,,,,,,,,
putin2018,Султанов Гарун Султанахмедович,,"Дагестанский государственный университет, доцент кафедры «Аудит и экономический анализ».",,,,,,,,,
putin2018,Сумарокова Алла Николаевна,,"МУК муниципального образования ""Город Архангельск"" ""Архангельский городской культурный центр"", хормейстер народного самодеятельного коллектива ""Фольклорный ансамбль ""Церемоночка"".",,,,,,,,,
putin2018,Сунгоркин Владимир Николаевич,,Главный редактор – генеральный директор ЗАО «ИД «Комсомольская правда».,,,,,,,,,
putin2018,Сунчугашев Анатолий Иванович,,Руководитель РИК ОНФ в Республике Хакасия,,,,,,,,,
putin2018,Сухова Светлана Валентиновна,,"ГАПОУ ""Рязанский музыкальный колледж им. Г. и А. Пироговых"", преподаватель.",,,,,,,,,
putin2018,Сушков Юрий Александрович,,"Командир Липецкого авиацентра, летчик-снайпер, заслуженный военный летчик России, генерал-лейтенант, кандидат технических наук.",,,,,,,,,
putin2018,Талеева Матрена Ивановна,,Учитель государственного бюджетного общеобразовательного учреждения Ненецкого автономного округа «Ненецкая средняя школа имени А.П. Пырерки».,,,,,,,,,
putin2018,Танкиев Висин-Гирей Хасанович,,"ГБУ ""Ингушский научно-исследовательский институт гуманитарных наук им. Ч. Ахриева"", ведущий научный сотрудник.",,,,,,,,,
putin2018,Тарасова Татьяна Анатольевна,,Тренер по фигурному катанию.,,,,,,,,,
putin2018,Тарусов Сергей Борисович,,"Рыболовецкий колхоз им.В.И.Ленина, председатель колхоза.",,,,,,,,,
putin2018,Темирканов Борис Хатуевич,,"ГУК «Кабардино-Балкарская государственная филармония»,                                        главный дирижер симфонического оркестра.",,,,,,,,,
putin2018,Темирканов Юрий Хатуевич,,"Художественный руководитель, дирижер ФГБУК «Санкт-Петербургская академическая филармония имени Д.Д. Шостаковича».",,,,,,,,,
putin2018,Терентьева Галина Николаевна,,Пенсионер. Председатель общественной организации «Иркутский областной совет женщин».,,,,,,,,,
putin2018,Тихомиров Андрей Алексеевич,,"Фонд развития информационной демократии и гражданского общества ""Фонд информационной демократии"", вице-президент по правовым вопросам и взаимодействию с органами государственной власти.",,,,,,,,,
putin2018,Тихомирова Елена Сергеевна,,Председатель общества жителей блокадного Ленинграда.,,,,,,,,,
putin2018,Ткаченко Константин Владимирович,,"Блоггер, общественный деятель.",,,,,,,,,
putin2018,Тменов Тамерлан Русланович,,"Дзюдоист, Заслуженный мастер спорта России.",,,,,,,,,
putin2018,Торкунов Анатолий Васильевич,,Ректор МГИМО,,,,,,,,,
putin2018,Транцев Алексей Сергеевич,,"Самарская региональная молодежная общественная организация ""Инклюзивный клуб добровольцев"", директор.",,,,,,,,,
putin2018,Трегулова Зельфира Исмаиловна,,Генеральный директор ФГБУК «Всероссийское музейное объединение «Государственная Третьяковская галерея».,,,,,,,,,
putin2018,Трусов Юрий Васильевич,,Председатель Общественной палаты Ленинградской области.,,,,,,,,,
putin2018,Турецкий Михаил Борисович,,"Музыкант, продюсер арт-групп «Хор Турецкого», «SOPRANO».",,,,,,,,,
putin2018,Ульянова Елена Захаровна,,"Президент «Рыбаков Фонда», менеджер.",,,,,,,,,
putin2018,Урин Владимир Георгиевич,,"Государственный академический Большой театр России, генеральный директор.",,,,,,,,,
putin2018,Урманчеева Маргарита Алексеевна,,"Санкт-Петербургская ассоциация общественных объединений родителей детей-инвалидов ""ГАООРДИ”, президент.",,,,,,,,,
putin2018,Устинова Варвара Ильинична,,"Лесничий (руководитель) ГКУ «Хангаласское лесничество», Герой Труда РФ, заслуженный лесовод России.",,,,,,,,,
putin2018,Фадеев Максим Александрович,,"Музыкальный продюсер, композитор, автор-исполнитель, режиссер.",,,,,,,,,
putin2018,Файзиев Джахонгир Хабибуллаевич,,Кинорежиссер.,,,,,,,,,
putin2018,Федонин Олег Николаевич,,"Федеральное государственное бюджетное образовательное учреждение высшего образования ""Брянский государственный технический университет"", ректор.",,,,,,,,,
putin2018,Федоров Виктор Васильевич,,Президент Российской государственной библиотеки.,,,,,,,,,
putin2018,Федотов Андрей Евгеньевич,,Директор государственного бюджетного учреждения дополнительного образования Ненецкого автономного округа «Детско-юношеский центр «Лидер».,,,,,,,,,
putin2018,Фокин Валерий Владимирович,,Художественный руководитель ФГУК «Российский государственный академический театр драмы имени А.С.Пушкина (Александринский)».,,,,,,,,,
putin2018,Фомичев Игорь Алексеевич,,"Центральный комитет Российского профсоза атомной энергетики и промышленности, председатель.",,,,,,,,,
putin2018,Фурманов Рудольф Давыдович,,Художественный руководитель - директор учреждения культуры «Санкт-Петербургский театр «Русская антреприза» имени Андрея Миронова».,,,,,,,,,
putin2018,Хабицова Лариса Батрбековна,,"Региональная общественная организация ""Совет женщин Республики Северная Осетия - Алания"", председатель.",,,,,,,,,
putin2018,Халиков Тимур Рафаэлевич,,"Общество с ограниченной ответственностью ""Поволжский аудиторский центр"", начальник аналитического отдела.",,,,,,,,,
putin2018,Харламов Игорь Юрьевич,,"Комедийный актер, певец, телеведущий.",,,,,,,,,
putin2018,Хасиков Бату Сергеевич,,"Российский кикбоксер, многократный чемпион мира среди профессионалов, общественно-политический деятель. Лидер Общероссийского общественного движения «За спортивную страну».",,,,,,,,,
putin2018,Хотиненко Владимир Иванович,,Кинорежиссер,,,,,,,,,
putin2018,Царёв Андрей Михайлович,,"Директор ГБУО «Центр лечебной педагогики и дифференцированного обучения Псковской области», старший научный сотрудник ФГНУ «Институт коррекционной педагогики» Российской академии образования, член Общественной палаты РФ.",,,,,,,,,
putin2018,Церемпилов Павел Леонидович,,Директор Оренбургского областного театра драмы.,,,,,,,,,
putin2018,Цискаридзе Николай Максимович,,Народный артист России,,,,,,,,,
putin2018,Цунаева Елена Моисеевна,,"ООД ""Поисковое движение России"", ответственный секретарь.",,,,,,,,,
putin2018,Цыганова Виктория Юрьевна,,"Певица, актриса, композитор.",,,,,,,,,
putin2018,Чагин Владимир Геннадьевич,,"Некоммерческое партнерство ""КАМАЗ-Автоспорт"", директор. Автогонщик, семикратный победитель «Ралли Дакар» в классе грузовиков.",,,,,,,,,
putin2018,Чайковская Елена Анатольевна,,"Тренер по фигурному катанию СК «Янтарь», член президиума Федерации фигурного катания на коньках города Москвы.",,,,,,,,,
putin2018,Черезов Иван Юрьевич,,"Заместитель директора по маркетингу АО «Концерн» Калашников», трехкратный чемпион мира по биатлону.",,,,,,,,,
putin2018,Чичерина Юлия Дмитриевна,,"Певица, автор песен, музыкант.",,,,,,,,,
putin2018,Чойнзонов Евгений Лхамацыренович,,"Федеральное государственное бюджетное научное учреждение ""Томский национальный исследовательский медицинский центр РАН"", директор.",,,,,,,,,
putin2018,Чубарьян Александр Оганович,,Научный руководитель Института всеобщей истории РАН.,,,,,,,,,
putin2018,Чудинов Федор Александрович,,"Спортивный менеджер ООО ""Патриот""",,,,,,,,,
putin2018,Чурикова Яна Алексеевна,,"Телеведущая, журналист",,,,,,,,,
putin2018,Чучелина Надежда Николаевна,,"Некоммерческое партнерство ""Российское правотворческое общество"", директор.",,,,,,,,,
putin2018,Шадрин Михаил Георгиевич,,"Пенсионер, командор клуба, окончил ЛНВМУ, ВВМУПП им. Ленинского комсомола, ВМА, службу проходил на дизельных и атомных подводных лодках, ВМА, служил атташе, ушел в отставку в звании капитана 1 ранга.",,,,,,,,,
putin2018,Шаймиев Минтимер Шарипович,,Государственный советник Республики Татарстан. Герой Труда Российской Федерации.,,,,,,,,,
putin2018,Шалимова Валерия Геннадиевна,,"ФГБУ ""Российский детско-юношеский центр"", Специалист по работе с молодежью.",,,,,,,,,
putin2018,Шарпилов Антон Юрьевич,,"Государственное бюджетное учреждение дополнительного образования ""Областной Центр дополнительного образования детей"", методист.",,,,,,,,,
putin2018,Шахназаров Карен Георгиевич,,"Кинорежиссер, директор студии ""Мосфильм""",,,,,,,,,
putin2018,Шилов Александр Максович,,Художественный руководитель ГБУК города Москвы «Московская государственная картинная галерея народного художника СССР А.Шилова». Академик Российской академии художеств.,,,,,,,,,
putin2018,Шильников Дмитрий Викторович,,"Акционерное общество ""Воркутауголь"", СП ""Шахта Воркутинская"", заместитель главного инженера.",,,,,,,,,
putin2018,Шипулин Антон Владимирович,,"Российский биатлонист, олимпийский чемпион, общественный деятель.",,,,,,,,,
putin2018,Шипунов Дмитрий Яковлевич,,"ЗАО ""Йошкар-Олинский мясокомбинат"", слесарь контрольно-измерительных приборов и автоматики службы метрологии и автоматики.",,,,,,,,,
putin2018,Шишкина Алла Анатольевна,,"Спортсмен СШОР по синхронному плаванию ГБУ ""МГФСО"" Москомспорта",,,,,,,,,
putin2018,Шкода Андрей Сергеевич,,"Городская клиническая больница №67, главный врач.",,,,,,,,,
putin2018,Шкурихина Дарья Валерьевна,,"Российская гимнастка, олимпийская чемпионка 2008 г.",,,,,,,,,
putin2018,Шлеменко Александр Павлович,,"БУ ДО города Омска ""ДЮСШ имени Героя России Олега Охрименко"", тренер- преподаватель.",,,,,,,,,
putin2018,Шмаков Михаил Викторович,,"Общероссийский союз ""Федерация Независимых Профсоюзов России"", председатель.",,,,,,,,,
putin2018,Шмелева Елена Владимировна,,"Руководитель образовательного центра ""Сириус""",,,,,,,,,
putin2018,Шохин Александр Николаевич,,Президент Общероссийской общественной организации «Российский союз промышленников и предпринимателей».,,,,,,,,,
putin2018,Шпаро Дмитрий Игоревич,,"Российский путешественник, покоритель Северного полюса и Антарктиды, руководитель Фонда «Приключение».",,,,,,,,,
putin2018,Штыль Иван Александрович,,"Краевое Государственное Автономное Учреждение ""Центр спортивной подготовки - школа высшего спортивного мастерства"", спортсмен-инструктор.",,,,,,,,,
putin2018,Шуграева Вера Киргуевна,,"Пенсионер, народный поэт Калмыкии, писатель, журналист, педагог, драматург, переводчик, поэт-песенник, либреттист, сценарист.",,,,,,,,,
putin2018,Шуранова Анна Артёмовна,,"Студентка Санкт-Петербургского государственного университета, направление «Международные отношения». Получатель гранта Президента РФ для талантливой молодежи. Член Координационного совета молодежи Санкт-Петербурга.",,,,,,,,,
putin2018,Шурупов Николай Петрович,,"Генеральный директор ООО ""Сельскохозяйственное предприятие ""Свободный труд"".",,,,,,,,,
putin2018,Эйфман Борис Яковлевич,,Художественный руководитель СПБГУК «Академический театр Балета под руководством Бориса Эйфмана».,,,,,,,,,
putin2018,Юдашкин Валентин Абрамович,,Художник-модельер. Народный художник России.,,,,,,,,,
putin2018,Юдина Наталья Владимировна,,"Владимирский филиал ФГБОУ ВО ""Финансовый университет при Правительстве Российской Федерации"", директор.",,,,,,,,,
putin2018,Юнусов Тимур Ильдарович (Тимати),,"Певец, музыкант, продюсер, актер, предприниматель. Заслуженный артист Чеченской Республики.",,,,,,,,,
putin2018,Юсупов Альберт Рафаилович,,Главный врач ГБУ «Госпиталь для ветеранов войн».,,,,,,,,,
putin2018,Якубов Февзи Якубович,,Президент Крымского государственного инженерно-педагогического университета.,,,,,,,,,
putin2018,Якубович Леонид Аркадьевич,,"Дирекция музыкальных и развлекательных программ, продюсер, ведущий ""Первого канала"".",,,,,,,,,
putin2018,Якунин Вадим Сергеевич,,"ПАО ""Протек"", председатель Совета директоров.",,,,,,,,,
putin2018,Янушевич Олег Олегович,,"Московский государственный медико-стоматологический университет им. А.И. Евдокимова, ректор.",,,,,,,,,
